id	Code	Use
356	Luxury-OH0000	0
357	Luxury-YV0001	0
358	Luxury-TB0002	0
359	Luxury-GD0003	0
360	Luxury-YA0004	0
361	Luxury-WS0005	0
362	Luxury-SJ0006	0
363	Luxury-AR0007	0
364	Luxury-JE0008	0
365	Luxury-PG0009	0
366	Luxury-XS0010	0
367	Luxury-YZ0011	0
368	Luxury-PO0012	0
369	Luxury-BT0013	0
370	Luxury-CH0014	0
371	Luxury-ES0015	0
372	Luxury-MX0016	0
373	Luxury-GJ0017	0
374	Luxury-FG0018	0
375	Luxury-JU0019	0
376	Luxury-PQ0020	0
377	Luxury-OC0021	0
378	Luxury-BI0022	0
379	Luxury-CX0023	0
380	Luxury-KB0024	0
381	Luxury-NW0025	0
382	Luxury-GU0026	0
383	Luxury-WE0027	0
384	Luxury-CZ0028	0
385	Luxury-MK0029	0
386	Luxury-UK0030	0
387	Luxury-TD0031	0
388	Luxury-FJ0032	0
389	Luxury-VU0033	0
390	Luxury-GQ0034	0
391	Luxury-ZH0035	0
392	Luxury-QE0036	0
393	Luxury-UI0037	0
394	Luxury-KC0038	0
395	Luxury-OS0039	0
396	Luxury-FS0040	0
397	Luxury-YA0041	0
398	Luxury-PH0042	0
399	Luxury-HR0043	0
400	Luxury-RX0044	0
401	Luxury-CP0045	0
402	Luxury-HP0046	0
403	Luxury-XR0047	0
404	Luxury-EB0048	0
405	Luxury-NT0049	0
406	Luxury-QS0050	0
407	Luxury-QH0051	0
408	Luxury-UN0052	0
409	Luxury-HS0053	0
410	Luxury-CC0054	0
411	Luxury-WE0055	0
412	Luxury-AM0056	0
413	Luxury-XC0057	0
414	Luxury-LE0058	0
415	Luxury-NY0059	0
416	Luxury-XN0060	0
417	Luxury-DM0061	0
418	Luxury-ZQ0062	0
419	Luxury-QK0063	0
420	Luxury-MZ0064	0
421	Luxury-TO0065	0
422	Luxury-JP0066	0
423	Luxury-PZ0067	0
424	Luxury-AM0068	0
425	Luxury-SC0069	0
426	Luxury-KX0070	0
427	Luxury-AD0071	0
428	Luxury-MH0072	0
429	Luxury-GY0073	0
430	Luxury-QM0074	0
431	Luxury-PL0075	0
432	Luxury-QV0076	0
433	Luxury-YC0077	0
434	Luxury-VD0078	0
435	Luxury-GH0079	0
436	Luxury-WO0080	0
437	Luxury-DC0081	0
438	Luxury-PA0082	0
439	Luxury-ET0083	0
440	Luxury-NI0084	0
441	Luxury-XX0085	0
442	Luxury-IM0086	0
443	Luxury-AO0087	0
444	Luxury-WO0088	0
445	Luxury-MB0089	0
446	Luxury-TF0090	0
447	Luxury-KI0091	0
448	Luxury-VM0092	0
449	Luxury-JH0093	0
450	Luxury-ML0094	0
451	Luxury-KE0095	0
452	Luxury-RO0096	0
453	Luxury-QV0097	0
454	Luxury-FM0098	0
455	Luxury-RT0099	0
456	Luxury-RY0100	0
457	Luxury-AU0101	0
458	Luxury-HK0102	0
459	Luxury-LV0103	0
460	Luxury-SY0104	0
461	Luxury-SM0105	0
462	Luxury-SE0106	0
463	Luxury-NI0107	0
464	Luxury-JC0108	0
465	Luxury-BN0109	0
466	Luxury-CH0110	0
467	Luxury-QH0111	0
468	Luxury-MK0112	0
469	Luxury-AE0113	0
470	Luxury-FI0114	0
471	Luxury-ZY0115	0
472	Luxury-OS0116	0
473	Luxury-FS0117	0
474	Luxury-SQ0118	0
475	Luxury-ZN0119	0
476	Luxury-SN0120	0
477	Luxury-SI0121	0
478	Luxury-CA0122	0
479	Luxury-RG0123	0
480	Luxury-VJ0124	0
481	Luxury-UN0125	0
482	Luxury-QF0126	0
483	Luxury-YH0127	0
484	Luxury-NB0128	0
485	Luxury-NZ0129	0
486	Luxury-AW0130	0
487	Luxury-QY0131	0
488	Luxury-ZH0132	0
489	Luxury-MH0133	0
490	Luxury-XS0134	0
491	Luxury-LF0135	0
492	Luxury-UO0136	0
493	Luxury-CD0137	0
494	Luxury-YS0138	0
495	Luxury-RE0139	0
496	Luxury-AU0140	0
497	Luxury-VS0141	0
498	Luxury-XL0142	0
499	Luxury-DB0143	0
500	Luxury-AV0144	0
501	Luxury-ED0145	0
502	Luxury-TJ0146	0
503	Luxury-SD0147	0
504	Luxury-UV0148	0
505	Luxury-HQ0149	0
506	Luxury-OO0150	0
507	Luxury-OX0151	0
508	Luxury-NJ0152	0
509	Luxury-SK0153	0
510	Luxury-ZW0154	0
511	Luxury-BG0155	0
512	Luxury-HZ0156	0
513	Luxury-ZX0157	0
514	Luxury-BN0158	0
515	Luxury-GW0159	0
516	Luxury-XP0160	0
517	Luxury-NH0161	0
518	Luxury-YI0162	0
519	Luxury-MO0163	0
520	Luxury-AQ0164	0
521	Luxury-QP0165	0
522	Luxury-UB0166	0
523	Luxury-GZ0167	0
524	Luxury-BT0168	0
525	Luxury-BR0169	0
526	Luxury-HE0170	0
527	Luxury-YB0171	0
528	Luxury-JD0172	0
529	Luxury-YR0173	0
530	Luxury-VE0174	0
531	Luxury-ZG0175	0
532	Luxury-PA0176	0
533	Luxury-DZ0177	0
534	Luxury-PX0178	0
535	Luxury-HC0179	0
536	Luxury-DR0180	0
537	Luxury-VI0181	0
538	Luxury-EB0182	0
539	Luxury-FL0183	0
540	Luxury-NO0184	0
541	Luxury-MR0185	0
542	Luxury-ZG0186	0
543	Luxury-GF0187	0
544	Luxury-TN0188	0
545	Luxury-RZ0189	0
546	Luxury-PA0190	0
547	Luxury-EW0191	0
548	Luxury-EU0192	0
549	Luxury-BX0193	0
550	Luxury-KZ0194	0
551	Luxury-RP0195	0
552	Luxury-LU0196	0
553	Luxury-EW0197	0
554	Luxury-LG0198	0
555	Luxury-GC0199	0
556	Luxury-GQ0200	0
557	Luxury-DT0201	0
558	Luxury-SP0202	0
559	Luxury-KZ0203	0
560	Luxury-WV0204	0
561	Luxury-OL0205	0
562	Luxury-HE0206	0
563	Luxury-WG0207	0
564	Luxury-ZE0208	0
565	Luxury-LB0209	0
566	Luxury-AN0210	0
567	Luxury-DB0211	0
568	Luxury-LK0212	0
569	Luxury-VX0213	0
570	Luxury-KX0214	0
571	Luxury-IO0215	0
572	Luxury-HM0216	0
573	Luxury-PY0217	0
574	Luxury-BD0218	0
575	Luxury-DF0219	0
576	Luxury-JL0220	0
577	Luxury-XZ0221	0
578	Luxury-TF0222	0
579	Luxury-YY0223	0
580	Luxury-MI0224	0
581	Luxury-AZ0225	0
582	Luxury-OO0226	0
583	Luxury-RH0227	0
584	Luxury-XI0228	0
585	Luxury-DW0229	0
586	Luxury-RP0230	0
587	Luxury-BC0231	0
588	Luxury-KW0232	0
589	Luxury-ZX0233	0
590	Luxury-AA0234	0
591	Luxury-ON0235	0
592	Luxury-DH0236	0
593	Luxury-HI0237	0
594	Luxury-RJ0238	0
595	Luxury-QB0239	0
596	Luxury-UK0240	0
597	Luxury-UA0241	0
598	Luxury-PP0242	0
599	Luxury-HZ0243	0
600	Luxury-CU0244	0
601	Luxury-VJ0245	0
602	Luxury-KF0246	0
603	Luxury-RP0247	0
604	Luxury-UA0248	0
605	Luxury-DZ0249	0
606	Luxury-JP0250	0
607	Luxury-CO0251	0
608	Luxury-QP0252	0
609	Luxury-SL0253	0
610	Luxury-ZT0254	0
611	Luxury-LA0255	0
612	Luxury-MZ0256	0
613	Luxury-IU0257	0
614	Luxury-IW0258	0
615	Luxury-SP0259	0
616	Luxury-HB0260	0
617	Luxury-PO0261	0
618	Luxury-WO0262	0
619	Luxury-MW0263	0
620	Luxury-CV0264	0
621	Luxury-LJ0265	0
622	Luxury-TZ0266	0
623	Luxury-ZR0267	0
624	Luxury-PC0268	0
625	Luxury-KW0269	0
626	Luxury-GZ0270	0
627	Luxury-VY0271	0
628	Luxury-NP0272	0
629	Luxury-ZW0273	0
630	Luxury-YK0274	0
631	Luxury-EY0275	0
632	Luxury-YE0276	0
633	Luxury-DQ0277	0
634	Luxury-PN0278	0
635	Luxury-CR0279	0
636	Luxury-YV0280	0
637	Luxury-QC0281	0
638	Luxury-HM0282	0
639	Luxury-YQ0283	0
640	Luxury-XJ0284	0
641	Luxury-XZ0285	0
642	Luxury-OW0286	0
643	Luxury-XA0287	0
644	Luxury-XU0288	0
645	Luxury-ER0289	0
646	Luxury-FA0290	0
647	Luxury-EX0291	0
648	Luxury-RO0292	0
649	Luxury-DT0293	0
650	Luxury-WL0294	0
651	Luxury-YN0295	0
652	Luxury-RI0296	0
653	Luxury-DD0297	0
654	Luxury-BY0298	0
655	Luxury-PQ0299	0
656	Luxury-GM0300	0
657	Luxury-HX0301	0
658	Luxury-BX0302	0
659	Luxury-TH0303	0
660	Luxury-BY0304	0
661	Luxury-WQ0305	0
662	Luxury-WY0306	0
663	Luxury-QD0307	0
664	Luxury-OP0308	0
665	Luxury-GR0309	0
666	Luxury-YF0310	0
667	Luxury-DZ0311	0
668	Luxury-LU0312	0
669	Luxury-KO0313	0
670	Luxury-HE0314	0
671	Luxury-CW0315	0
672	Luxury-DC0316	0
673	Luxury-JV0317	0
674	Luxury-BG0318	0
675	Luxury-AL0319	0
676	Luxury-BW0320	0
677	Luxury-IS0321	0
678	Luxury-SU0322	0
679	Luxury-GW0323	0
680	Luxury-CP0324	0
681	Luxury-WX0325	0
682	Luxury-BU0326	0
683	Luxury-MW0327	0
684	Luxury-ZM0328	0
685	Luxury-SX0329	0
686	Luxury-QE0330	0
687	Luxury-YD0331	0
688	Luxury-AR0332	0
689	Luxury-LT0333	0
690	Luxury-MS0334	0
691	Luxury-KN0335	0
692	Luxury-RX0336	0
693	Luxury-OK0337	0
694	Luxury-GH0338	0
695	Luxury-DA0339	0
696	Luxury-DK0340	0
697	Luxury-ES0341	0
698	Luxury-OV0342	0
699	Luxury-DU0343	0
700	Luxury-ZA0344	0
701	Luxury-ST0345	0
702	Luxury-EP0346	0
703	Luxury-VT0347	0
704	Luxury-JV0348	0
705	Luxury-TN0349	0
706	Luxury-TY0350	0
707	Luxury-VC0351	0
708	Luxury-FS0352	0
709	Luxury-YC0353	0
710	Luxury-YY0354	0
711	Luxury-FN0355	0
712	Luxury-ET0356	0
713	Luxury-AB0357	0
714	Luxury-QK0358	0
715	Luxury-RB0359	0
716	Luxury-JJ0360	0
717	Luxury-ZG0361	0
718	Luxury-UJ0362	0
719	Luxury-DP0363	0
720	Luxury-XQ0364	0
721	Luxury-LX0365	0
722	Luxury-YV0366	0
723	Luxury-WS0367	0
724	Luxury-PV0368	0
725	Luxury-ZW0369	0
726	Luxury-WE0370	0
727	Luxury-XE0371	0
728	Luxury-PL0372	0
729	Luxury-OS0373	0
730	Luxury-XX0374	0
731	Luxury-VD0375	0
732	Luxury-OZ0376	0
733	Luxury-JD0377	0
734	Luxury-ZO0378	0
735	Luxury-GA0379	0
736	Luxury-FV0380	0
737	Luxury-AJ0381	0
738	Luxury-KK0382	0
739	Luxury-FM0383	0
740	Luxury-UG0384	0
741	Luxury-IR0385	0
742	Luxury-SQ0386	0
743	Luxury-AI0387	0
744	Luxury-QA0388	0
745	Luxury-MF0389	0
746	Luxury-WR0390	0
747	Luxury-XP0391	0
748	Luxury-IF0392	0
749	Luxury-YQ0393	0
750	Luxury-VO0394	0
751	Luxury-XW0395	0
752	Luxury-TT0396	0
753	Luxury-DN0397	0
754	Luxury-DN0398	0
755	Luxury-HF0399	0
756	Luxury-KQ0400	0
757	Luxury-JO0401	0
758	Luxury-AH0402	0
759	Luxury-DI0403	0
760	Luxury-SE0404	0
761	Luxury-WQ0405	0
762	Luxury-HB0406	0
763	Luxury-MA0407	0
764	Luxury-QN0408	0
765	Luxury-XL0409	0
766	Luxury-FV0410	0
767	Luxury-IQ0411	0
768	Luxury-HC0412	0
769	Luxury-LP0413	0
770	Luxury-YJ0414	0
771	Luxury-SY0415	0
772	Luxury-PV0416	0
773	Luxury-AW0417	0
774	Luxury-EL0418	0
775	Luxury-EB0419	0
776	Luxury-HY0420	0
777	Luxury-CN0421	0
778	Luxury-AG0422	0
779	Luxury-ZQ0423	0
780	Luxury-XB0424	0
781	Luxury-TS0425	0
782	Luxury-VY0426	0
783	Luxury-OZ0427	0
784	Luxury-LP0428	0
785	Luxury-HA0429	0
786	Luxury-FM0430	0
787	Luxury-DH0431	0
788	Luxury-YM0432	0
789	Luxury-YU0433	0
790	Luxury-EL0434	0
791	Luxury-IP0435	0
792	Luxury-NT0436	0
793	Luxury-NB0437	0
794	Luxury-OM0438	0
795	Luxury-YI0439	0
796	Luxury-BK0440	0
797	Luxury-DF0441	0
798	Luxury-MG0442	0
799	Luxury-ZD0443	0
800	Luxury-WJ0444	0
801	Luxury-DZ0445	0
802	Luxury-CC0446	0
803	Luxury-OM0447	0
804	Luxury-NA0448	0
805	Luxury-XF0449	0
806	Luxury-MM0450	0
807	Luxury-GM0451	0
808	Luxury-BU0452	0
809	Luxury-JN0453	0
810	Luxury-IU0454	0
811	Luxury-VG0455	0
812	Luxury-LX0456	0
813	Luxury-IY0457	0
814	Luxury-RL0458	0
815	Luxury-LD0459	0
816	Luxury-OY0460	0
817	Luxury-UO0461	0
818	Luxury-UZ0462	0
819	Luxury-YH0463	0
820	Luxury-LF0464	0
821	Luxury-PA0465	0
822	Luxury-YO0466	0
823	Luxury-TY0467	0
824	Luxury-UE0468	0
825	Luxury-ZC0469	0
826	Luxury-JV0470	0
827	Luxury-WY0471	0
828	Luxury-IQ0472	0
829	Luxury-DV0473	0
830	Luxury-WH0474	0
831	Luxury-WS0475	0
832	Luxury-NO0476	0
833	Luxury-FQ0477	0
834	Luxury-XT0478	0
835	Luxury-JN0479	0
836	Luxury-RO0480	0
837	Luxury-GX0481	0
838	Luxury-BQ0482	0
839	Luxury-BD0483	0
840	Luxury-RZ0484	0
841	Luxury-TF0485	0
842	Luxury-PH0486	0
843	Luxury-YZ0487	0
844	Luxury-AX0488	0
845	Luxury-US0489	0
846	Luxury-ZS0490	0
847	Luxury-BB0491	0
848	Luxury-NU0492	0
849	Luxury-RD0493	0
850	Luxury-WS0494	0
851	Luxury-EH0495	0
852	Luxury-DO0496	0
853	Luxury-XV0497	0
854	Luxury-IF0498	0
855	Luxury-QA0499	0
856	Luxury-MC0500	0
857	Luxury-HF0501	0
858	Luxury-SW0502	0
859	Luxury-CA0503	0
860	Luxury-UA0504	0
861	Luxury-IF0505	0
862	Luxury-NR0506	0
863	Luxury-VL0507	0
864	Luxury-KP0508	0
865	Luxury-HN0509	0
866	Luxury-GT0510	0
867	Luxury-XS0511	0
868	Luxury-MN0512	0
869	Luxury-FL0513	0
870	Luxury-TB0514	0
871	Luxury-ZD0515	0
872	Luxury-JR0516	0
873	Luxury-PO0517	0
874	Luxury-YC0518	0
875	Luxury-UR0519	0
876	Luxury-PR0520	0
877	Luxury-PH0521	0
878	Luxury-KR0522	0
879	Luxury-DD0523	0
880	Luxury-BM0524	0
881	Luxury-KC0525	0
882	Luxury-ZK0526	0
883	Luxury-EH0527	0
884	Luxury-CA0528	0
885	Luxury-EQ0529	0
886	Luxury-LA0530	0
887	Luxury-NK0531	0
888	Luxury-VL0532	0
889	Luxury-PN0533	0
890	Luxury-VH0534	0
891	Luxury-ZK0535	0
892	Luxury-AM0536	0
893	Luxury-AE0537	0
894	Luxury-SR0538	0
895	Luxury-NZ0539	0
896	Luxury-VW0540	0
897	Luxury-UO0541	0
898	Luxury-MZ0542	0
899	Luxury-JO0543	0
900	Luxury-PQ0544	0
901	Luxury-GW0545	0
902	Luxury-WQ0546	0
903	Luxury-CQ0547	0
904	Luxury-CG0548	0
905	Luxury-MO0549	0
906	Luxury-UT0550	0
907	Luxury-WN0551	0
908	Luxury-TD0552	0
909	Luxury-OX0553	0
910	Luxury-RM0554	0
911	Luxury-BI0555	0
912	Luxury-PX0556	0
913	Luxury-AL0557	0
914	Luxury-BC0558	0
915	Luxury-HL0559	0
916	Luxury-OD0560	0
917	Luxury-OJ0561	0
918	Luxury-NR0562	0
919	Luxury-HA0563	0
920	Luxury-UR0564	0
921	Luxury-VU0565	0
922	Luxury-UV0566	0
923	Luxury-OS0567	0
924	Luxury-YA0568	0
925	Luxury-JH0569	0
926	Luxury-HL0570	0
927	Luxury-ZH0571	0
928	Luxury-MW0572	0
929	Luxury-AH0573	0
930	Luxury-MK0574	0
931	Luxury-RD0575	0
932	Luxury-CX0576	0
933	Luxury-FY0577	0
934	Luxury-KM0578	0
935	Luxury-UH0579	0
936	Luxury-MM0580	0
937	Luxury-WB0581	0
938	Luxury-SV0582	0
939	Luxury-ZE0583	0
940	Luxury-ZY0584	0
941	Luxury-NN0585	0
942	Luxury-WY0586	0
943	Luxury-JI0587	0
944	Luxury-AD0588	0
945	Luxury-IB0589	0
946	Luxury-SS0590	0
947	Luxury-XA0591	0
948	Luxury-SQ0592	0
949	Luxury-KO0593	0
950	Luxury-WL0594	0
951	Luxury-KX0595	0
952	Luxury-ZC0596	0
953	Luxury-VE0597	0
954	Luxury-RU0598	0
955	Luxury-NM0599	0
956	Luxury-KU0600	0
957	Luxury-BJ0601	0
958	Luxury-KW0602	0
959	Luxury-QW0603	0
960	Luxury-LV0604	0
961	Luxury-YW0605	0
962	Luxury-AX0606	0
963	Luxury-TL0607	0
964	Luxury-RK0608	0
965	Luxury-WY0609	0
966	Luxury-SX0610	0
967	Luxury-BS0611	0
968	Luxury-MW0612	0
969	Luxury-DI0613	0
970	Luxury-YC0614	0
971	Luxury-ES0615	0
972	Luxury-GA0616	0
973	Luxury-QY0617	0
974	Luxury-EU0618	0
975	Luxury-SO0619	0
976	Luxury-JP0620	0
977	Luxury-UC0621	0
978	Luxury-RU0622	0
979	Luxury-MU0623	0
980	Luxury-UN0624	0
981	Luxury-ED0625	0
982	Luxury-XO0626	0
983	Luxury-SS0627	0
984	Luxury-RS0628	0
985	Luxury-NT0629	0
986	Luxury-CT0630	0
987	Luxury-TX0631	0
988	Luxury-VI0632	0
989	Luxury-AT0633	0
990	Luxury-UO0634	0
991	Luxury-MC0635	0
992	Luxury-EG0636	0
993	Luxury-BP0637	0
994	Luxury-NP0638	0
995	Luxury-UU0639	0
996	Luxury-EL0640	0
997	Luxury-RY0641	0
998	Luxury-YA0642	0
999	Luxury-QL0643	0
1000	Luxury-DE0644	0
1001	Luxury-XA0645	0
1002	Luxury-CB0646	0
1003	Luxury-OB0647	0
1004	Luxury-LT0648	0
1005	Luxury-YY0649	0
1006	Luxury-GJ0650	0
1007	Luxury-ZZ0651	0
1008	Luxury-IU0652	0
1009	Luxury-XI0653	0
1010	Luxury-GS0654	0
1011	Luxury-CK0655	0
1012	Luxury-GQ0656	0
1013	Luxury-AG0657	0
1014	Luxury-HJ0658	0
1015	Luxury-ZQ0659	0
1016	Luxury-DL0660	0
1017	Luxury-AO0661	0
1018	Luxury-YW0662	0
1019	Luxury-PO0663	0
1020	Luxury-AM0664	0
1021	Luxury-KK0665	0
1022	Luxury-QM0666	0
1023	Luxury-HC0667	0
1024	Luxury-SJ0668	0
1025	Luxury-QS0669	0
1026	Luxury-UE0670	0
1027	Luxury-IT0671	0
1028	Luxury-BR0672	0
1029	Luxury-TS0673	0
1030	Luxury-CF0674	0
1031	Luxury-TX0675	0
1032	Luxury-JD0676	0
1033	Luxury-NM0677	0
1034	Luxury-QV0678	0
1035	Luxury-BO0679	0
1036	Luxury-OJ0680	0
1037	Luxury-JP0681	0
1038	Luxury-HS0682	0
1039	Luxury-BD0683	0
1040	Luxury-BT0684	0
1041	Luxury-SK0685	0
1042	Luxury-XH0686	0
1043	Luxury-WE0687	0
1044	Luxury-JR0688	0
1045	Luxury-JS0689	0
1046	Luxury-IL0690	0
1047	Luxury-VU0691	0
1048	Luxury-KE0692	0
1049	Luxury-TD0693	0
1050	Luxury-VB0694	0
1051	Luxury-GC0695	0
1052	Luxury-TK0696	0
1053	Luxury-JK0697	0
1054	Luxury-GC0698	0
1055	Luxury-TM0699	0
1056	Luxury-DM0700	0
1057	Luxury-UK0701	0
1058	Luxury-WA0702	0
1059	Luxury-CQ0703	0
1060	Luxury-EP0704	0
1061	Luxury-SJ0705	0
1062	Luxury-UI0706	0
1063	Luxury-WI0707	0
1064	Luxury-XX0708	0
1065	Luxury-UI0709	0
1066	Luxury-WV0710	0
1067	Luxury-LB0711	0
1068	Luxury-FK0712	0
1069	Luxury-VT0713	0
1070	Luxury-ET0714	0
1071	Luxury-YW0715	0
1072	Luxury-UP0716	0
1073	Luxury-SL0717	0
1074	Luxury-WQ0718	0
1075	Luxury-KP0719	0
1076	Luxury-BD0720	0
1077	Luxury-NB0721	0
1078	Luxury-IB0722	0
1079	Luxury-LO0723	0
1080	Luxury-IC0724	0
1081	Luxury-EA0725	0
1082	Luxury-RL0726	0
1083	Luxury-PM0727	0
1084	Luxury-ZM0728	0
1085	Luxury-ZW0729	0
1086	Luxury-QY0730	0
1087	Luxury-XP0731	0
1088	Luxury-IA0732	0
1089	Luxury-VI0733	0
1090	Luxury-LW0734	0
1091	Luxury-LX0735	0
1092	Luxury-ST0736	0
1093	Luxury-IV0737	0
1094	Luxury-UP0738	0
1095	Luxury-YT0739	0
1096	Luxury-KJ0740	0
1097	Luxury-QQ0741	0
1098	Luxury-HM0742	0
1099	Luxury-AP0743	0
1100	Luxury-YT0744	0
1101	Luxury-CB0745	0
1102	Luxury-MD0746	0
1103	Luxury-GC0747	0
1104	Luxury-JY0748	0
1105	Luxury-WM0749	0
1106	Luxury-UA0750	0
1107	Luxury-UI0751	0
1108	Luxury-VD0752	0
1109	Luxury-ON0753	0
1110	Luxury-HO0754	0
1111	Luxury-VR0755	0
1112	Luxury-WZ0756	0
1113	Luxury-CP0757	0
1114	Luxury-CR0758	0
1115	Luxury-VP0759	0
1116	Luxury-UN0760	0
1117	Luxury-WP0761	0
1118	Luxury-HF0762	0
1119	Luxury-GJ0763	0
1120	Luxury-PY0764	0
1121	Luxury-OX0765	0
1122	Luxury-ZG0766	0
1123	Luxury-ZB0767	0
1124	Luxury-QO0768	0
1125	Luxury-TB0769	0
1126	Luxury-UW0770	0
1127	Luxury-NE0771	0
1128	Luxury-SD0772	0
1129	Luxury-MP0773	0
1130	Luxury-PR0774	0
1131	Luxury-EH0775	0
1132	Luxury-XY0776	0
1133	Luxury-WJ0777	0
1134	Luxury-FD0778	0
1135	Luxury-HA0779	0
1136	Luxury-NT0780	0
1137	Luxury-EG0781	0
1138	Luxury-GF0782	0
1139	Luxury-GP0783	0
1140	Luxury-DK0784	0
1141	Luxury-UX0785	0
1142	Luxury-DW0786	0
1143	Luxury-GI0787	0
1144	Luxury-QD0788	0
1145	Luxury-EM0789	0
1146	Luxury-UO0790	0
1147	Luxury-TJ0791	0
1148	Luxury-TG0792	0
1149	Luxury-CD0793	0
1150	Luxury-OT0794	0
1151	Luxury-CR0795	0
1152	Luxury-FL0796	0
1153	Luxury-BM0797	0
1154	Luxury-ZE0798	0
1155	Luxury-TI0799	0
1156	Luxury-JM0800	0
1157	Luxury-LW0801	0
1158	Luxury-LC0802	0
1159	Luxury-DH0803	0
1160	Luxury-ZY0804	0
1161	Luxury-CK0805	0
1162	Luxury-RJ0806	0
1163	Luxury-RH0807	0
1164	Luxury-IM0808	0
1165	Luxury-LI0809	0
1166	Luxury-QP0810	0
1167	Luxury-XP0811	0
1168	Luxury-MH0812	0
1169	Luxury-TO0813	0
1170	Luxury-XB0814	0
1171	Luxury-XB0815	0
1172	Luxury-HK0816	0
1173	Luxury-AD0817	0
1174	Luxury-IJ0818	0
1175	Luxury-TC0819	0
1176	Luxury-AK0820	0
1177	Luxury-QC0821	0
1178	Luxury-SR0822	0
1179	Luxury-UY0823	0
1180	Luxury-SC0824	0
1181	Luxury-SK0825	0
1182	Luxury-PP0826	0
1183	Luxury-JI0827	0
1184	Luxury-BQ0828	0
1185	Luxury-QG0829	0
1186	Luxury-XK0830	0
1187	Luxury-GJ0831	0
1188	Luxury-GR0832	0
1189	Luxury-ZM0833	0
1190	Luxury-KZ0834	0
1191	Luxury-JX0835	0
1192	Luxury-HC0836	0
1193	Luxury-NG0837	0
1194	Luxury-HL0838	0
1195	Luxury-PH0839	0
1196	Luxury-GL0840	0
1197	Luxury-EA0841	0
1198	Luxury-QS0842	0
1199	Luxury-UY0843	0
1200	Luxury-LB0844	0
1201	Luxury-HO0845	0
1202	Luxury-KB0846	0
1203	Luxury-UB0847	0
1204	Luxury-IC0848	0
1205	Luxury-WG0849	0
1206	Luxury-LC0850	0
1207	Luxury-RG0851	0
1208	Luxury-JG0852	0
1209	Luxury-HX0853	0
1210	Luxury-DK0854	0
1211	Luxury-IS0855	0
1212	Luxury-LQ0856	0
1213	Luxury-UB0857	0
1214	Luxury-IP0858	0
1215	Luxury-NQ0859	0
1216	Luxury-AH0860	0
1217	Luxury-OM0861	0
1218	Luxury-FL0862	0
1219	Luxury-CF0863	0
1220	Luxury-AE0864	0
1221	Luxury-GQ0865	0
1222	Luxury-DW0866	0
1223	Luxury-RS0867	0
1224	Luxury-RM0868	0
1225	Luxury-DC0869	0
1226	Luxury-TU0870	0
1227	Luxury-DZ0871	0
1228	Luxury-VX0872	0
1229	Luxury-NS0873	0
1230	Luxury-LQ0874	0
1231	Luxury-DD0875	0
1232	Luxury-RX0876	0
1233	Luxury-AL0877	0
1234	Luxury-FH0878	0
1235	Luxury-QF0879	0
1236	Luxury-QK0880	0
1237	Luxury-CR0881	0
1238	Luxury-SL0882	0
1239	Luxury-AN0883	0
1240	Luxury-HZ0884	0
1241	Luxury-NO0885	0
1242	Luxury-IL0886	0
1243	Luxury-PM0887	0
1244	Luxury-ET0888	0
1245	Luxury-DB0889	0
1246	Luxury-VO0890	0
1247	Luxury-HB0891	0
1248	Luxury-YD0892	0
1249	Luxury-VZ0893	0
1250	Luxury-MJ0894	0
1251	Luxury-NE0895	0
1252	Luxury-ZM0896	0
1253	Luxury-UM0897	0
1254	Luxury-VM0898	0
1255	Luxury-TO0899	0
1256	Luxury-YP0900	0
1257	Luxury-CO0901	0
1258	Luxury-ZT0902	0
1259	Luxury-PE0903	0
1260	Luxury-MM0904	0
1261	Luxury-WU0905	0
1262	Luxury-OH0906	0
1263	Luxury-HS0907	0
1264	Luxury-HD0908	0
1265	Luxury-TP0909	0
1266	Luxury-DP0910	0
1267	Luxury-GY0911	0
1268	Luxury-WY0912	0
1269	Luxury-GU0913	0
1270	Luxury-DG0914	0
1271	Luxury-PN0915	0
1272	Luxury-MM0916	0
1273	Luxury-VG0917	0
1274	Luxury-NE0918	0
1275	Luxury-PT0919	0
1276	Luxury-MV0920	0
1277	Luxury-TI0921	0
1278	Luxury-WN0922	0
1279	Luxury-BU0923	0
1280	Luxury-DC0924	0
1281	Luxury-VG0925	0
1282	Luxury-MU0926	0
1283	Luxury-KC0927	0
1284	Luxury-RI0928	0
1285	Luxury-XE0929	0
1286	Luxury-LM0930	0
1287	Luxury-KL0931	0
1288	Luxury-DQ0932	0
1289	Luxury-XF0933	0
1290	Luxury-YU0934	0
1291	Luxury-PV0935	0
1292	Luxury-RE0936	0
1293	Luxury-YK0937	0
1294	Luxury-PW0938	0
1295	Luxury-GM0939	0
1296	Luxury-GK0940	0
1297	Luxury-VH0941	0
1298	Luxury-AE0942	0
1299	Luxury-VX0943	0
1300	Luxury-WJ0944	0
1301	Luxury-ZA0945	0
1302	Luxury-BZ0946	0
1303	Luxury-XL0947	0
1304	Luxury-QU0948	0
1305	Luxury-QF0949	0
1306	Luxury-OO0950	0
1307	Luxury-HX0951	0
1308	Luxury-BY0952	0
1309	Luxury-PV0953	0
1310	Luxury-MU0954	0
1311	Luxury-IO0955	0
1312	Luxury-AX0956	0
1313	Luxury-YC0957	0
1314	Luxury-IN0958	0
1315	Luxury-AK0959	0
1316	Luxury-TW0960	0
1317	Luxury-TI0961	0
1318	Luxury-DH0962	0
1319	Luxury-TE0963	0
1320	Luxury-YF0964	0
1321	Luxury-YY0965	0
1322	Luxury-HP0966	0
1323	Luxury-BR0967	0
1324	Luxury-KF0968	0
1325	Luxury-ND0969	0
1326	Luxury-WF0970	0
1327	Luxury-MF0971	0
1328	Luxury-VP0972	0
1329	Luxury-TG0973	0
1330	Luxury-GD0974	0
1331	Luxury-XM0975	0
1332	Luxury-NW0976	0
1333	Luxury-QC0977	0
1334	Luxury-SM0978	0
1335	Luxury-YV0979	0
1336	Luxury-VG0980	0
1337	Luxury-RI0981	0
1338	Luxury-EG0982	0
1339	Luxury-XR0983	0
1340	Luxury-SX0984	0
1341	Luxury-UV0985	0
1342	Luxury-WZ0986	0
1343	Luxury-XK0987	0
1344	Luxury-QG0988	0
1345	Luxury-QA0989	0
1346	Luxury-LF0990	0
1347	Luxury-LJ0991	0
1348	Luxury-MK0992	0
1349	Luxury-UN0993	0
1350	Luxury-YT0994	0
1351	Luxury-TN0995	0
1352	Luxury-FL0996	0
1353	Luxury-SN0997	0
1354	Luxury-CG0998	0
1355	Luxury-WT0999	0
